leg_origin,leg_destination,leg_origin_cpt,List of Pathids,total_pallet_count,Travel Time,orig_type,dest_type,distance_km,num_HiRoof,num_Truck,num_Trailer,Total Cost
RUH_HUB,RUH_SC,2026-01-01 20:00:00,"[37, 67, 126, 127, 130, 133, 151, 474, 475, 476, 478, 479, 480, 481, 482, 483, 485, 486, 487, 488, 489, 490, 491, 492, 493]",338.0130769,0.0,Distribution Centers,Sort Centers,0,136,0,0,0
JED_HUB,JED_SC,2026-01-01 20:00:00,"[24, 27, 36, 38, 49, 53, 63, 72, 77, 78, 154, 495, 656, 657, 658, 659, 662, 665, 666, 667, 668, 672]",115.1211538,0.0,Distribution Centers,Sort Centers,0,0,0,6,0
JED_SC,JED_DS,2026-01-02 22:00:01,[493],78.14961538,0.0,Sort Centers,Stores,0,0,0,4,0
QFD_HUB,ANS_DS,2026-01-01 20:00:00,[1],0.014230769,1.5,Distribution Centers,Stores,165.0125,1,0,0,343.111225
RUH_SC,RUH_DS,2026-01-02 06:07:22,"[16, 56, 108, 117, 141, 179, 256, 267, 408, 470, 536, 589, 699, 808]",57.46230769,0.0,Sort Centers,Stores,0,0,0,3,0
QFD_HUB,GIZ_DS,2026-01-01 20:00:00,[10],0.115,2.9,Distribution Centers,Stores,331.1722,1,0,0,359.3948756
DMM_SC,DMM_DS,2026-01-02 06:55:36,"[97, 104, 482, 574]",49.72269231,0.0,Sort Centers,Stores,0,0,0,3,0
KMT_SC,WAE_DS,2026-01-01 23:48:16,"[100, 134, 275]",0.215384615,3.3,Sort Centers,Stores,388.1203,1,0,0,364.9757894
RUH_SC,RUH_DS,2026-01-02 22:05:00,[667],36.91807692,0.0,Sort Centers,Stores,0,0,0,2,0
HBT_SC,RAE_DS,2026-01-02 07:18:35,"[101, 258, 498, 613]",0.356923076,4.8,Sort Centers,Stores,571.9267,1,0,0,382.9888166
HAS_HUB,MED_SC,2026-01-01 20:00:00,"[102, 109, 116, 801, 806]",1.648461538,3.8,Distribution Centers,Sort Centers,444.7131,1,0,0,370.5218838
DMM_HUB,DMM_SC,2026-01-01 20:00:00,"[18, 43, 536, 539, 554, 565, 567, 568, 571]",31.13538462,0.0,Distribution Centers,Sort Centers,0,0,0,2,0
MED_SC,MED_DS,2026-01-02 22:06:24,[31],25.91576923,0.0,Sort Centers,Stores,0,0,0,2,0
MAK_SC,MAK_DS,2026-01-02 21:50:00,[486],25.68153846,0.0,Sort Centers,Stores,0,0,0,2,0
HAS_SC,URY_DS,2026-01-02 12:31:53,"[103, 195, 410, 472, 522, 700]",0.456923078,5.7,Sort Centers,Stores,670.9288,1,0,0,392.6910224
QJB_HUB,DMM_SC,2026-01-01 20:00:00,"[104, 106, 281, 291, 292, 340, 416, 441, 444, 448, 449]",1.129615385,1.1,Distribution Centers,Sort Centers,114.2515,1,0,0,338.136647
QJB_HUB,HBT_SC,2026-01-01 20:00:00,"[105, 300, 435, 437, 438, 442, 450, 454]",0.467307693,3.4,Distribution Centers,Sort Centers,402.3111,1,0,0,366.3664878
HBT_HUB,RUH_SC,2026-01-01 20:00:00,"[108, 230, 778, 783, 788]",2.353846154,4.6,Distribution Centers,Sort Centers,529.9364,1,0,0,378.8737672
HUF_SC,HUF_DS,2026-01-02 01:53:26,[485],19.46076923,0.0,Sort Centers,Stores,0,0,0,1,0
ANS_HUB,QFD_DS,2026-01-01 20:00:00,[11],0.038076923,1.5,Distribution Centers,Stores,171.4552,1,0,0,343.7426096
QFD_HUB,BSH_SC,2026-01-01 20:00:00,"[110, 139, 290, 294, 302, 319, 327]",0.286538461,2.4,Distribution Centers,Sort Centers,274.1743,1,0,0,353.8090814
JED_SC,URY_DS,2026-01-02 06:14:18,"[111, 154, 225, 313, 627, 731, 746]",1.323846154,12.6,Sort Centers,Stores,1489.7195,1,0,0,472.932511
HBT_SC,HUF_DS,2026-01-02 12:14:36,"[112, 176, 366, 426, 708, 800]",1.652692307,4.9,Sort Centers,Stores,573.2925,1,0,0,383.122665
HBT_HUB,MJM_SC,2026-01-01 20:00:00,"[113, 775, 779, 782, 785, 786, 787, 790, 802]",0.786923077,2.6,Distribution Centers,Sort Centers,307.909,1,0,0,357.115082
HBT_SC,QJB_DS,2026-01-02 07:18:35,"[115, 273, 497]",0.693846153,3.5,Sort Centers,Stores,406.4831,1,0,0,366.7753438
JED_SC,JED_DS,2026-01-02 06:33:51,"[73, 85, 153, 198, 334, 385, 534, 618, 639, 702, 709, 738]",15.92346154,0.0,Sort Centers,Stores,0,0,0,1,0
MED_SC,MAK_DS,2026-01-02 11:58:20,"[116, 129, 791]",1.631153846,3.7,Sort Centers,Stores,423.8261,1,0,0,368.4749578
TIF_SC,TIF_DS,2026-01-02 07:37:43,[491],14.69807692,0.0,Sort Centers,Stores,0,0,0,1,0
BUR_HUB,AKJ_DS,2026-01-01 20:00:00,[12],0.391538462,3.8,Distribution Centers,Stores,439.4197,1,0,0,370.0031306
TUU_SC,TUU_DS,2026-01-02 21:45:00,[492],13.37307692,0.0,Sort Centers,Stores,0,0,0,1,0
RUH_SC,RUH_DS,2026-01-02 15:11:32,"[86, 265, 287, 317, 373, 393, 456, 520, 562, 632]",12.88346154,0.0,Sort Centers,Stores,0,6,0,0,0
EAM_HUB,BSH_SC,2026-01-01 20:00:00,"[120, 756, 758, 760, 766]",0.415,4.1,Distribution Centers,Sort Centers,477.8501,1,0,0,373.7693098
MED_SC,MED_DS,2026-01-02 05:07:17,"[60, 109, 169, 662, 784]",10.69153846,0.0,Sort Centers,Stores,0,0,0,1,0
DMM_SC,DMM_DS,2026-01-02 21:55:00,[657],10.57961538,0.0,Sort Centers,Stores,0,0,0,1,0
EAM_HUB,MYL_SC,2026-01-01 20:00:00,"[121, 145, 152, 757, 764, 768, 770]",0.318076924,3.0,Distribution Centers,Sort Centers,353.388,1,0,0,361.572024
EAM_HUB,RUH_SC,2026-01-01 20:00:00,"[122, 123, 137, 141, 143, 150, 761, 765, 769]",1.313076924,7.9,Distribution Centers,Sort Centers,923.9833,1,0,0,417.4903634
EAM_HUB,ABT_SC,2026-01-01 20:00:00,"[124, 763, 767, 771]",0.743846154,5.1,Distribution Centers,Sort Centers,594.3359,1,0,0,385.1849182
RUH_SC,BUR_DS,2026-01-01 20:00:00,[126],24.55538462,4.7,Sort Centers,Stores,358.022,2,0,1,2346.134939
RUH_HUB,AKJ_DS,2026-01-01 20:00:00,[13],9.015384615,0.9,Distribution Centers,Stores,88.918,4,0,0,1342.615856
RUH_SC,GIZ_DS,2026-01-01 20:00:00,[130],15.97538462,14.3,Sort Centers,Stores,1127.8337,0,0,1,2035.933397
RUH_SC,QJB_DS,2026-01-02 15:11:32,"[131, 143, 181, 269, 297, 371, 391, 407, 445, 468, 560, 588, 697, 806]",2.280384615,4.1,Sort Centers,Stores,473.6316,1,0,0,373.3558968
KMT_HUB,BSH_SC,2026-01-01 20:00:00,"[132, 233, 693, 694, 718, 720]",1.916923076,2.1,Distribution Centers,Sort Centers,235.6501,1,0,0,350.0337098
BSH_SC,BSH_DS,2026-01-02 15:17:29,"[22, 41, 42, 99, 120, 132, 139, 178, 205, 260, 261, 274, 332, 357, 360, 397, 416, 421, 480, 507, 527, 542, 594, 636, 675, 704, 773, 775]",8.05346154,0.0,Sort Centers,Stores,0,4,0,0,0
JED_SC,JED_DS,2026-01-02 22:30:00,[19],7.752692308,0.0,Sort Centers,Stores,0,0,1,0,0
MED_HUB,MED_SC,2026-01-01 20:00:00,"[129, 199, 200, 222, 296, 297, 494, 705, 709]",7.561538462,0.0,Distribution Centers,Sort Centers,0,0,1,0,0
MAK_HUB,MAK_SC,2026-01-01 20:00:00,"[174, 218, 699, 702, 726, 730]",7.326153845,0.0,Distribution Centers,Sort Centers,0,0,1,0,0
RUH_SC,HBT_DS,2026-01-01 20:00:00,[133],6.457692308,4.6,Sort Centers,Stores,524.3616,3,0,0,1134.98231
QFD_HUB,ABT_SC,2026-01-01 20:00:00,"[136, 286]",0.152307692,1.5,Distribution Centers,Sort Centers,162.2725,1,0,0,342.842705
RUH_SC,RUH_DS,2026-01-02 22:05:00,[295],6.602692308,0.0,Sort Centers,Stores,0,0,1,0,0
AJF_HUB,URY_DS,2026-01-01 20:00:00,[14],0.091923077,3.2,Distribution Centers,Stores,374.1717,1,0,0,363.6088266
HUF_HUB,HBT_SC,2026-01-01 20:00:00,"[140, 673, 676, 678, 681, 684, 687, 690, 732]",1.924230769,4.9,Distribution Centers,Sort Centers,569.6071,1,0,0,382.7614958
HUF_HUB,MJM_SC,2026-01-01 20:00:00,"[142, 144, 674, 688, 691, 733]",2.386538462,4.4,Distribution Centers,Sort Centers,511.2078,1,0,0,377.0383644
TIF_SC,TIF_DS,2026-01-02 14:51:56,"[128, 190, 201, 212, 244, 286, 303, 316, 354, 374, 394, 452, 484, 499, 564, 608, 625, 645, 688, 721, 744, 767, 787, 809]",6.119615384,0.0,Sort Centers,Stores,0,3,0,0,0
BUR_SC,BUR_DS,2026-01-02 06:54:49,"[32, 159, 192, 226, 340, 422, 568, 583, 631, 776, 792]",5.841538462,0.0,Sort Centers,Stores,0,0,1,0,0
TIF_HUB,TIF_SC,2026-01-01 20:00:00,"[17, 28, 47, 74, 75, 418, 458, 460, 462, 466, 467, 468, 470, 471, 472]",5.771153845,0.0,Distribution Centers,Sort Centers,0,0,1,0,0
HAS_HUB,HAS_SC,2026-01-01 20:00:00,"[103, 748, 749, 750, 752, 773, 774, 792, 794, 795, 796, 797, 798, 799, 800, 803, 804, 805, 807, 808, 809, 810, 811]",5.620769231,0.0,Distribution Centers,Sort Centers,0,3,0,0,0
MYL_SC,MYL_DS,2026-01-02 12:43:59,"[91, 114, 152, 193, 276, 389, 466, 488, 513, 550, 644, 664, 696]",5.61153846,0.0,Sort Centers,Stores,0,3,0,0,0
MJM_SC,JED_DS,2026-01-02 07:00:00,"[142, 781]",1.968846154,8.8,Sort Centers,Stores,1040.2656,1,0,0,428.8860288
JED_SC,JED_DS,2026-01-02 15:51:07,"[346, 427, 443, 531, 548, 581, 801]",5.193076923,0.0,Sort Centers,Stores,0,3,0,0,0
RAE_SC,URY_DS,2026-01-02 09:12:01,"[147, 336, 437, 538, 690, 789]",0.663461538,3.4,Sort Centers,Stores,399.7717,1,0,0,366.1176266
DMM_SC,DMM_DS,2026-01-02 19:51:02,"[284, 329, 400, 461, 552, 598, 643, 682, 729, 742, 758]",4.89923077,0.0,Sort Centers,Stores,0,2,0,0,0
EAM_SC,KMT_DS,2026-01-02 12:12:48,"[148, 515, 783]",1.175384615,2.3,Sort Centers,Stores,262.8704,1,0,0,352.7012992
RAE_HUB,AJF_DS,2026-01-01 20:00:00,[15],0.05,1.5,Distribution Centers,Stores,166.2999,1,0,0,343.2373902
RUH_SC,HUF_DS,2026-01-02 15:11:32,"[150, 173, 183, 384, 403, 533, 580, 715]",2.466923077,3.0,Sort Centers,Stores,334.5859,1,0,0,359.7294182
RUH_SC,BUR_DS,2026-01-02 06:01:28,[155],0.292307692,4.7,Sort Centers,Stores,358.022,1,0,0,362.026156
AKJ_HUB,WAE_SC,2026-01-01 20:00:00,"[156, 175, 641, 645]",2.446538461,4.9,Distribution Centers,Sort Centers,576.2381,1,0,0,383.4113338
WAE_SC,EAM_DS,2026-01-02 11:41:01,"[156, 186, 318, 440, 570, 714]",1.923846153,3.5,Sort Centers,Stores,405.0358,1,0,0,366.6335084
AKJ_HUB,RUH_SC,2026-01-01 20:00:00,"[157, 158, 162, 173, 179, 180, 181, 187, 615, 633, 636, 637, 638, 640, 642, 644, 646, 647, 648, 652]",16.21153846,1.3,Distribution Centers,Sort Centers,90.2924,0,0,1,1478.151194
YNB_HUB,YNB_SC,2026-01-01 20:00:00,"[194, 204, 220, 380, 381, 382, 385, 386, 387, 389, 390, 394, 395, 397, 398, 412, 413, 812]",4.596923076,0.0,Distribution Centers,Sort Centers,0,2,0,0,0
RUH_SC,DMM_DS,2026-01-02 02:48:24,"[158, 268]",3.131923077,3.7,Sort Centers,Stores,417.4533,2,0,0,735.7008468
AKJ_HUB,BUR_SC,2026-01-01 20:00:00,"[159, 171]",1.675384615,3.7,Distribution Centers,Sort Centers,436.5786,1,0,0,369.7247028
DWD_HUB,RUH_SC,2026-01-01 20:00:00,"[16, 30, 34, 35, 81, 131, 542, 545, 547, 548, 549, 550, 552, 755, 772]",1.990769229,3.1,Distribution Centers,Sort Centers,351.3232,1,0,0,361.3696736
MJM_SC,MJM_DS,2026-01-02 12:35:10,"[113, 144, 290, 308, 350, 376, 388, 405, 431, 447, 465, 487, 496, 517, 557, 563, 585, 612, 621, 642, 663, 695, 718, 741, 765, 811]",4.38923077,0.0,Sort Centers,Stores,0,2,0,0,0
WAE_HUB,TIF_SC,2026-01-01 20:00:00,"[160, 170, 190, 399, 409, 410, 411]",1.193461538,5.1,Distribution Centers,Sort Centers,595.9277,1,0,0,385.3409146
TIF_SC,JED_DS,2026-01-02 10:27:21,"[160, 248, 301, 763]",2.29,1.6,Sort Centers,Stores,167.7972,1,0,0,343.3841256
WAE_HUB,KMT_SC,2026-01-01 20:00:00,"[161, 166, 188, 403, 406, 407]",1.428076923,3.3,Distribution Centers,Sort Centers,387.5521,1,0,0,364.9201058
MJM_SC,DWD_DS,2026-01-02 12:35:10,"[163, 279, 327, 380, 423, 439, 509, 599, 678]",0.492692308,1.9,Sort Centers,Stores,217.9997,1,0,0,348.3039706
MAK_HUB,BSH_SC,2026-01-01 20:00:00,"[164, 217, 261, 695, 714, 722, 728]",1.683461538,3.6,Distribution Centers,Sort Centers,422.8785,1,0,0,368.382093
AJF_HUB,TUU_SC,2026-01-01 20:00:00,"[165, 219, 581, 584, 590, 592, 593]",1.074230768,4.0,Distribution Centers,Sort Centers,462.4666,1,0,0,372.2617268
KMT_SC,MYL_DS,2026-01-02 01:20:02,"[166, 237]",0.282692308,1.0,Sort Centers,Stores,103.7242,1,0,0,337.1049716
KMT_SC,KMT_DS,2026-01-02 11:55:24,"[71, 92, 161, 278, 444, 571]",3.862307693,0.0,Sort Centers,Stores,0,2,0,0,0
WAE_HUB,BSH_SC,2026-01-01 20:00:00,"[167, 177, 178, 228, 379, 400, 401, 402, 405, 415]",1.614615386,2.7,Distribution Centers,Sort Centers,319.1004,1,0,0,358.2118392
BSH_SC,QFD_DS,2026-01-02 15:17:29,"[167, 254, 305, 352, 449, 489, 512, 554, 587, 686, 786, 805]",5.534615385,2.3,Sort Centers,Stores,270.69,3,0,0,1060.40286
HBT_SC,HBT_DS,2026-01-02 12:14:36,"[25, 105, 140, 182, 383, 530, 546, 660, 707, 799]",3.670384615,0.0,Sort Centers,Stores,0,2,0,0,0
AJF_SC,RAE_DS,2026-01-02 13:04:31,"[168, 298, 372, 392, 469, 561, 606, 666, 687, 698, 807]",1.504230769,1.5,Sort Centers,Stores,166.3852,1,0,0,343.2457496
MAK_HUB,MED_SC,2026-01-01 20:00:00,"[169, 172, 215]",1.371153846,3.8,Distribution Centers,Sort Centers,430.262,1,0,0,369.105676
MJM_HUB,MJM_SC,2026-01-01 20:00:00,"[163, 189, 301, 303, 304, 305, 309, 314, 322, 330, 332, 338]",3.44846154,0.0,Distribution Centers,Sort Centers,0,2,0,0,0
TIF_SC,ANS_DS,2026-01-02 14:51:56,"[17, 33, 330, 358, 377, 398, 420, 479, 506, 603, 752]",2.42769231,3.6,Sort Centers,Stores,416.1859,1,0,0,367.7262182
MED_SC,HAS_DS,2026-01-02 11:58:20,"[172, 200, 325, 442, 659]",3.387692308,5.7,Sort Centers,Stores,443.5079,2,0,0,740.8075484
MAK_SC,DHB_DS,2026-01-01 20:00:00,[174],0.082692308,7.3,Sort Centers,Stores,857.3144,1,0,0,410.9568112
TUU_SC,TUU_DS,2026-01-02 19:41:48,"[70, 146, 165, 262, 321, 537, 646, 689, 810]",3.147307692,0.0,Sort Centers,Stores,0,2,0,0,0
MJM_HUB,HBT_SC,2026-01-01 20:00:00,"[176, 182, 258, 273, 283, 310, 323, 336]",1.368076922,2.6,Distribution Centers,Sort Centers,307.4484,1,0,0,357.0699432
DMM_SC,HUF_DS,2026-01-02 18:14:46,"[18, 106, 319, 333, 464, 516, 602, 617, 713, 737]",4.688846154,1.4,Sort Centers,Stores,143.1528,2,0,0,681.9379488
MAK_HUB,JED_SC,2026-01-01 20:00:00,"[184, 191, 698, 713, 725, 729]",2.465,0.8,Distribution Centers,Sort Centers,67.1221,1,0,0,333.5179658
WAE_HUB,DWD_SC,2026-01-01 20:00:00,[185],0.112307692,6.0,Distribution Centers,Sort Centers,712.4371,1,0,0,396.7588358
WAE_SC,WAE_DS,2026-01-02 09:36:51,"[175, 257, 436, 475, 502, 655]",2.836153846,0.0,Sort Centers,Stores,0,2,0,0,0
KMT_SC,GIZ_DS,2026-01-02 01:20:02,"[188, 232]",1.017307692,1.8,Sort Centers,Stores,204.8312,1,0,0,347.0134576
MED_SC,MED_DS,2026-01-03 05:05:07,[555],2.670384615,0.0,Sort Centers,Stores,0,2,0,0,0
MJM_SC,DMM_DS,2026-01-02 12:35:10,"[189, 341, 395, 576, 795]",2.291923077,5.2,Sort Centers,Stores,600.5727,1,0,0,385.7961246
DMM_HUB,JED_SC,2026-01-01 20:00:00,"[19, 26, 40, 540, 555]",15.79576923,17.2,Distribution Centers,Sort Centers,1354.4964,0,0,1,2157.787265
BUR_SC,BUR_DS,2026-01-02 12:17:28,"[288, 356, 361, 379, 459, 508, 596, 651, 676, 728, 756, 762]",2.571153847,0.0,Sort Centers,Stores,0,2,0,0,0
MAK_SC,MAK_DS,2026-01-02 15:43:59,"[311, 446, 514, 549, 640]",2.558076924,0.0,Sort Centers,Stores,0,2,0,0,0
MJM_HUB,BUR_SC,2026-01-01 20:00:00,"[192, 229]",0.667692307,1.3,Distribution Centers,Sort Centers,148.2647,1,0,0,341.4699406
ABT_HUB,MYL_SC,2026-01-01 20:00:00,"[193, 197, 202, 203, 597, 609]",0.353461538,2.2,Distribution Centers,Sort Centers,250.2028,1,0,0,351.4598744
HAS_SC,HAS_DS,2026-01-02 12:31:53,"[21, 59, 65, 93, 214, 223, 242, 259, 462, 573]",2.517307691,0.0,Sort Centers,Stores,0,2,0,0,0
MED_HUB,HAS_SC,2026-01-01 20:00:00,"[195, 227, 295, 701]",8.471538462,3.8,Distribution Centers,Sort Centers,443.5079,4,0,0,1481.615097
ABT_HUB,JED_SC,2026-01-01 20:00:00,"[196, 198, 207, 225, 339, 606, 610]",0.798846154,3.2,Distribution Centers,Sort Centers,367.4608,1,0,0,362.9511584
MED_SC,TUU_DS,2026-01-02 07:46:31,"[199, 215, 285, 668]",4.700384615,6.0,Sort Centers,Stores,700.2882,2,0,0,791.1364872
DWD_HUB,MJM_DS,2026-01-01 20:00:00,[2],0.021538462,1.9,Distribution Centers,Stores,219.5999,1,0,0,348.4607902
DMM_HUB,RUH_SC,2026-01-01 20:00:00,"[20, 23, 543]",2.870384615,3.7,Distribution Centers,Sort Centers,415.4337,2,0,0,735.3050052
RUH_SC,GIZ_DS,2026-01-02 02:48:24,"[20, 30, 162, 263]",3.659999999,14.3,Sort Centers,Stores,1127.8337,2,0,0,874.9354052
MED_HUB,TIF_SC,2026-01-01 20:00:00,"[201, 210, 221, 703, 706]",2.476153846,4.4,Distribution Centers,Sort Centers,507.891,1,0,0,376.713318
YNB_SC,TUU_DS,2026-01-02 10:02:17,"[204, 315, 409, 471, 521, 609, 626, 654, 723, 745, 768]",1.454615385,5.7,Sort Centers,Stores,672.398,1,0,0,392.835004
AKJ_HUB,AKJ_SC,2026-01-01 20:00:00,"[614, 639]",2.444615385,0.0,Distribution Centers,Sort Centers,0,1,0,0,0
ABT_HUB,BSH_SC,2026-01-01 20:00:00,"[205, 224, 596, 598, 599, 600, 601, 602, 605, 607, 612]",1.29,2.0,Distribution Centers,Sort Centers,226.5075,1,0,0,349.137735
ABT_SC,ANS_DS,2026-01-02 06:18:19,"[206, 671, 727]",0.861538461,1.8,Sort Centers,Stores,204.0653,1,0,0,346.9383994
ABT_SC,QFD_DS,2026-01-02 06:18:19,"[208, 467, 551]",0.175769231,1.5,Sort Centers,Stores,167.2302,1,0,0,343.3285596
ANS_HUB,ABT_SC,2026-01-01 20:00:00,"[209, 619, 625]",0.180384615,2.0,Distribution Centers,Sort Centers,224.0716,1,0,0,348.8990168
DMM_HUB,HAS_SC,2026-01-01 20:00:00,"[21, 537]",2.430384615,8.5,Distribution Centers,Sort Centers,1004.616,1,0,0,425.392368
YNB_SC,DHB_DS,2026-01-02 13:05:36,"[211, 220, 289, 331, 399, 438, 460, 544, 569, 575, 597, 635, 656, 670, 753, 757, 777]",2.063076926,4.0,Sort Centers,Stores,471.6003,1,0,0,373.1568294
MED_HUB,YNB_SC,2026-01-01 20:00:00,"[211, 280, 496, 653, 704, 710, 711]",1.788461539,2.1,Distribution Centers,Sort Centers,240.594,1,0,0,350.518212
MAK_HUB,TIF_SC,2026-01-01 20:00:00,"[212, 270, 696, 697, 700, 727]",1.376538463,1.1,Distribution Centers,Sort Centers,112.4479,1,0,0,337.9598942
HBT_HUB,HBT_SC,2026-01-01 20:00:00,"[101, 112, 115, 734, 776, 777, 780, 781, 784, 789, 791, 793]",2.385769231,0.0,Distribution Centers,Sort Centers,0,1,0,0,0
AJF_HUB,RAE_SC,2026-01-01 20:00:00,[213],0.047307692,1.5,Distribution Centers,Sort Centers,166.3852,1,0,0,343.2457496
AJF_HUB,HAS_SC,2026-01-01 20:00:00,"[214, 576, 578, 579, 583, 585, 586, 587, 591, 594, 603, 611]",0.906538462,3.4,Distribution Centers,Sort Centers,403.8275,1,0,0,366.515095
MJM_HUB,RUH_SC,2026-01-01 20:00:00,"[216, 256, 311, 318, 321, 335]",2.370384616,2.1,Distribution Centers,Sort Centers,225.6363,1,0,0,349.0523574
MAK_SC,YNB_DS,2026-01-01 20:00:00,[218],0.281153846,3.5,Sort Centers,Stores,400.8863,1,0,0,366.2268574
TIF_HUB,BSH_SC,2026-01-01 20:00:00,"[22, 48, 66, 68, 80, 459, 463, 464, 465]",2.044230769,2.8,Distribution Centers,Sort Centers,328.5577,1,0,0,359.1386546
YNB_HUB,HAS_SC,2026-01-01 20:00:00,"[223, 383, 384, 388, 391, 392, 414, 661]",0.866153847,5.6,Distribution Centers,Sort Centers,659.4963,1,0,0,391.5706374
MED_HUB,BUR_SC,2026-01-01 20:00:00,"[226, 707, 708]",1.832692308,4.4,Distribution Centers,Sort Centers,514.7155,1,0,0,377.382119
BSH_SC,ABT_DS,2026-01-02 15:17:29,"[228, 235, 291, 322, 359, 434, 455, 478, 532, 565, 611, 733, 802]",6.545384616,1.9,Sort Centers,Stores,221.2407,3,0,0,1045.864766
RUH_SC,DWD_DS,2026-01-02 01:42:43,"[23, 127, 157]",8.188846153,4.5,Sort Centers,Stores,343.8939,4,0,0,1442.566409
KMT_SC,EAM_DS,2026-01-01 23:31:41,"[231, 266]",0.447692308,2.3,Sort Centers,Stores,260.7523,1,0,0,352.4937254
BSH_SC,JED_DS,2026-01-02 00:04:05,[233],1.407692308,4.2,Sort Centers,Stores,478.6411,1,0,0,373.8468278
AJF_SC,AJF_DS,2026-01-02 13:04:31,"[300, 323, 337, 339, 417, 473, 504, 525, 566, 672, 701, 725, 732, 749, 793]",2.286923078,0.0,Sort Centers,Stores,0,1,0,0,0
URY_HUB,RUH_SC,2026-01-01 20:00:00,"[236, 246, 265, 269, 341, 342, 345, 350]",1.481538461,10.9,Distribution Centers,Sort Centers,1280.6874,1,0,0,452.4473652
URY_HUB,TUU_SC,2026-01-01 20:00:00,"[239, 262, 343, 346, 349, 367]",0.754999999,4.5,Distribution Centers,Sort Centers,522.23,1,0,0,378.11854
JED_SC,EAM_DS,2026-01-02 11:12:04,"[24, 705]",3.216153846,8.0,Sort Centers,Stores,939.5411,2,0,0,838.0300556
BSH_HUB,TIF_SC,2026-01-01 20:00:00,"[240, 244, 248, 250, 252, 520, 521, 522, 524, 573, 575, 630]",1.755769231,2.8,Distribution Centers,Sort Centers,327.2083,1,0,0,359.0064134
URY_HUB,HAS_SC,2026-01-01 20:00:00,"[242, 347, 348, 351, 352, 354, 355, 356, 357, 358, 359]",0.661923078,5.7,Distribution Centers,Sort Centers,672.2716,1,0,0,392.8226168
URY_SC,AJF_DS,2026-01-02 13:26:14,"[247, 633]",0.255384615,3.2,Sort Centers,Stores,373.3234,1,0,0,363.5256932
DMM_HUB,HBT_SC,2026-01-01 20:00:00,"[25, 538, 563, 566, 569]",2.204230769,4.2,Distribution Centers,Sort Centers,486.604,1,0,0,374.627192
TUU_HUB,YNB_SC,2026-01-01 20:00:00,"[253, 363, 364, 365, 369, 370, 374, 375, 377, 455]",1.470769232,5.7,Distribution Centers,Sort Centers,673.3352,1,0,0,392.9268496
ANS_HUB,WAE_SC,2026-01-01 20:00:00,"[257, 632, 634, 650]",0.870384616,4.1,Distribution Centers,Sort Centers,484.0423,1,0,0,374.3761454
BUR_HUB,HAS_SC,2026-01-01 20:00:00,"[259, 499, 501, 525, 527, 528]",1.951538462,2.3,Distribution Centers,Sort Centers,267.8154,1,0,0,353.1859092
JED_SC,MAK_DS,2026-01-02 22:30:00,[26],2.624615385,1.0,Sort Centers,Stores,65.9993,2,0,0,666.8158628
ANS_HUB,BSH_SC,2026-01-01 20:00:00,"[260, 616, 617, 621, 622, 623, 624, 643, 649, 651]",0.582307694,2.0,Distribution Centers,Sort Centers,231.3217,1,0,0,349.6095266
JED_SC,MAK_DS,2026-01-02 13:14:12,"[264, 556, 584, 739]",1.134615384,1.0,Sort Centers,Stores,65.9993,1,0,0,333.4079314
ANS_HUB,KMT_SC,2026-01-01 20:00:00,"[266, 278]",0.222692308,1.5,Distribution Centers,Sort Centers,170.8548,1,0,0,343.6837704
JED_SC,BUR_DS,2026-01-02 11:12:04,"[27, 138, 396]",4.844230769,7.7,Sort Centers,Stores,897.5615,2,0,0,829.802054
ANS_HUB,MYL_SC,2026-01-01 20:00:00,"[271, 276, 618, 620, 626, 627, 628, 635]",0.668461537,1.0,Distribution Centers,Sort Centers,112.2093,1,0,0,337.9365114
MYL_HUB,BSH_SC,2026-01-01 20:00:00,"[274, 279, 284, 288, 293, 308, 312, 324, 326, 328, 333]",0.355000001,2.3,Distribution Centers,Sort Centers,266.5886,1,0,0,353.0656828
BSH_SC,MJM_SC,2026-01-02 02:03:56,"[279, 290, 293, 302, 308, 326, 327, 328, 402, 405, 415, 463, 465, 517, 519, 553, 599, 601, 612, 616, 621, 624, 629, 649, 694, 695, 718, 720, 722, 736, 751, 766]",1.289230768,7.6,Sort Centers,Sort Centers,896.3961,1,0,0,414.7868178
TIF_SC,ABT_DS,2026-01-02 14:51:56,"[28, 221, 270, 412, 503, 748]",0.791923078,2.0,Sort Centers,Stores,220.8861,1,0,0,348.5868378
YNB_SC,BSH_SC,2026-01-02 03:42:55,"[280, 369, 375, 381, 397, 455, 507, 510, 511, 558, 572, 653, 704, 711, 812]",1.104999999,6.7,Sort Centers,Sort Centers,793.1704,1,0,0,404.3749254
DMM_SC,AKJ_SC,2026-01-01 23:05:53,"[281, 567]",0.889230769,4.1,Sort Centers,Sort Centers,477.0362,1,0,0,375.6736458
KMT_SC,RUH_SC,2026-01-02 01:20:02,"[282, 317, 403, 406, 407, 669, 715, 754]",1.670000001,8.0,Sort Centers,Sort Centers,937.9303,1,0,0,418.8571694
HBT_SC,MED_SC,2026-01-02 02:51:03,"[283, 310, 435, 442, 454, 673, 684, 734, 791]",1.898846155,7.6,Sort Centers,Sort Centers,899.5583,1,0,0,415.0967134
BSH_SC,DMM_SC,2026-01-02 02:03:56,"[284, 294, 312, 319, 333, 400, 464, 516, 518, 598, 602, 605, 617, 622, 643, 758]",2.137307694,9.4,Sort Centers,Sort Centers,1113.6949,1,0,0,436.0821002
JED_SC,MED_SC,2026-01-02 01:11:24,"[285, 299, 325, 668]",3.881153846,5.1,Sort Centers,Sort Centers,390.1544,2,0,0,730.3502624
ABT_SC,TIF_SC,2026-01-02 03:03:25,"[286, 604, 608, 619, 625, 763, 767, 771]",1.107692308,1.9,Sort Centers,Sort Centers,216.028,1,0,0,348.110744
JED_SC,RUH_SC,2026-01-02 01:11:24,[287],0.937307692,12.2,Sort Centers,Sort Centers,957.831,1,0,0,420.807438
BSH_SC,BUR_SC,2026-01-02 02:03:56,"[288, 324, 379, 401, 459, 596, 600, 623, 651, 693, 728, 735, 756, 760, 762]",2.265000001,8.7,Sort Centers,Sort Centers,1034.5985,1,0,0,428.330653
MYL_SC,YNB_SC,2026-01-02 01:01:42,"[289, 306, 307, 315, 331, 597, 609, 626, 628, 635, 670, 717, 723, 724, 740, 745, 747, 753, 757, 764, 768, 770]",2.188076924,7.5,Sort Centers,Sort Centers,891.1727,1,0,0,414.2749246
BUR_SC,HAS_DS,2026-01-02 12:17:28,"[29, 171, 229, 324, 401, 600, 623, 681, 693, 735, 760, 780]",2.009615383,2.3,Sort Centers,Stores,267.8154,1,0,0,353.1859092
DWD_HUB,BUR_SC,2026-01-01 20:00:00,"[29, 32, 546, 613]",0.216923076,2.1,Distribution Centers,Sort Centers,239.6343,1,0,0,350.4241614
DMM_SC,BSH_SC,2026-01-01 23:23:38,"[291, 292, 416, 441, 448, 449, 539, 554, 565, 675, 683, 686]",2.125384615,9.5,Sort Centers,Sort Centers,1121.9495,1,0,0,436.0821002
MJM_SC,AJF_DS,2026-01-02 12:35:10,"[293, 413, 629, 649]",0.070000001,6.7,Sort Centers,Stores,795.7286,1,0,0,404.9214028
DMM_SC,QJB_DS,2026-01-02 14:36:26,"[294, 312, 518, 605, 622, 719, 743]",0.582692307,1.5,Sort Centers,Stores,105.8296,1,0,0,337.3113008
HAS_SC,RUH_SC,2026-01-02 01:49:15,[295],6.602692308,8.3,Sort Centers,Sort Centers,650.3119,3,0,0,1172.011699
MED_SC,RUH_SC,2026-01-02 00:01:44,[296],0.144615385,7.5,Sort Centers,Sort Centers,872.703,1,0,0,412.464894
MED_SC,RUH_SC,2026-01-02 01:49:51,"[297, 393, 806]",2.328846153,7.5,Sort Centers,Sort Centers,872.703,1,0,0,412.464894
JED_SC,AJF_SC,2026-01-02 01:14:59,"[298, 337, 339, 469, 473, 606, 666, 672, 698, 725]",2.271153847,10.3,Sort Centers,Sort Centers,1219.0689,1,0,0,446.5008134
EAM_HUB,WAE_DS,2026-01-01 20:00:00,[3],0.029615385,3.4,Distribution Centers,Stores,403.7995,1,0,0,366.512351
HBT_SC,AJF_SC,2026-01-02 02:51:03,"[300, 323, 566, 687, 732, 793]",0.698461538,6.2,Sort Centers,Sort Centers,732.1038,1,0,0,398.5343802
MJM_SC,TIF_SC,2026-01-02 02:21:51,"[301, 303, 330, 688, 691, 787]",2.49,6.6,Sort Centers,Sort Centers,778.4839,1,0,0,403.2314222
MJM_SC,HBT_DS,2026-01-02 12:35:10,"[302, 326, 365, 402, 463, 523, 553, 601, 616, 638, 694, 722, 736, 761]",1.408076921,2.6,Sort Centers,Stores,307.4484,1,0,0,357.0699432
MJM_SC,BSH_SC,2026-01-02 02:21:51,"[304, 305, 309, 314, 322, 332, 338, 674, 733, 775, 779, 782, 785, 786, 790, 802]",1.846153848,7.6,Sort Centers,Sort Centers,902.3186,1,0,0,414.7868178
RUH_HUB,MED_SC,2026-01-01 20:00:00,"[31, 82]",36.36307692,11.1,Distribution Centers,Sort Centers,870.2088,0,0,2,3794.868502
RUH_SC,MAK_SC,2026-01-02 02:48:24,"[311, 446, 514, 549, 640]",2.558076924,11.4,Sort Centers,Sort Centers,895.7633,2,0,0,830.2840768
MYL_SC,JED_SC,2026-01-01 23:57:26,"[313, 334, 618, 627, 731, 739]",1.303076922,4.8,Sort Centers,Sort Centers,553.7589,1,0,0,381.106168
AJF_HUB,AJF_SC,2026-01-01 20:00:00,"[168, 577, 580, 582, 588, 589, 595]",1.780384615,0.0,Distribution Centers,Sort Centers,0,1,0,0,0
MYL_SC,TIF_SC,2026-01-01 23:57:26,"[316, 620, 692, 721, 744]",0.850384614,4.0,Sort Centers,Sort Centers,463.2166,1,0,0,372.3352268
RUH_SC,WAE_SC,2026-01-02 02:48:24,"[318, 436, 440, 451, 475, 502]",4.223461539,5.3,Sort Centers,Sort Centers,614.4029,2,0,0,774.3029684
MYL_SC,JED_SC,2026-01-01 23:01:06,"[320, 716]",0.420769231,4.8,Sort Centers,Sort Centers,553.7589,1,0,0,381.106168
RUH_SC,TUU_SC,2026-01-02 00:55:59,"[321, 646, 677, 689]",1.376923077,17.3,Sort Centers,Sort Centers,1364.4314,1,0,0,460.6542772
MJM_SC,RAE_DS,2026-01-02 12:22:45,"[328, 415, 519, 543, 624, 720, 751, 766]",0.616923077,7.3,Sort Centers,Stores,861.6202,1,0,0,411.3787796
JED_SC,DMM_SC,2026-01-02 01:11:24,"[329, 461, 729]",1.915,17.2,Sort Centers,Sort Centers,1354.4986,1,0,0,459.6806472
DWD_HUB,TIF_SC,2026-01-01 20:00:00,"[33, 83, 128, 541, 544, 551, 654]",0.278461538,4.8,Distribution Centers,Sort Centers,568.2573,1,0,0,382.6292154
RUH_SC,TUU_SC,2026-01-02 00:04:04,[335],0.046923077,17.3,Sort Centers,Sort Centers,1364.4314,1,0,0,460.6542772
TUU_SC,DHB_DS,2026-01-02 18:49:54,[335],0.046923077,1.8,Sort Centers,Stores,201.4467,1,0,0,346.6817766
HBT_SC,RAE_SC,2026-01-02 02:51:03,"[336, 437, 450, 538, 690, 789]",0.656923076,4.8,Sort Centers,Sort Centers,571.9267,1,0,0,382.9888166
RUH_SC,AKJ_DS,2026-01-02 15:11:32,"[34, 58, 98, 122, 216, 230, 246, 282, 406, 414, 419, 458, 505, 595, 630, 650, 703, 750, 754]",1.907307693,0.9,Sort Centers,Stores,88.918,1,0,0,335.653964
DMM_SC,BUR_SC,2026-01-01 23:05:53,"[340, 568]",2.318461539,6.3,Sort Centers,Sort Centers,737.8872,1,0,0,399.7353898
KMT_HUB,KMT_SC,2026-01-01 20:00:00,"[231, 232, 237, 275, 669, 715]",1.647307692,0.0,Distribution Centers,Sort Centers,0,1,0,0,0
RUH_SC,MJM_SC,2026-01-02 08:51:36,"[341, 350, 439, 447, 487, 543, 638, 642, 741, 761, 765]",4.152307692,2.0,Sort Centers,Sort Centers,219.8196,2,0,0,698.1047148
RUH_SC,EAM_SC,2026-01-02 08:51:36,"[342, 529, 545, 778]",0.608846154,7.9,Sort Centers,Sort Centers,926.2981,1,0,0,417.4903634
TUU_SC,JED_SC,2026-01-02 03:13:30,"[343, 346, 367, 368, 427, 433, 581, 584, 590]",1.813076923,8.5,Sort Centers,Sort Centers,998.8929,1,0,0,424.7445684
URY_SC,RAE_SC,2026-01-01 20:00:00,"[344, 353]",0.089615385,3.4,Sort Centers,Sort Centers,397.0037,1,0,0,366.1176266
RUH_SC,HUF_SC,2026-01-02 08:51:36,"[345, 547]",0.156153846,4.4,Sort Centers,Sort Centers,334.5859,1,0,0,358.9817566
MED_SC,MED_DS,2026-01-02 11:58:20,"[299, 310, 349, 430, 454, 592, 684]",1.507307692,0.0,Sort Centers,Stores,0,1,0,0,0
HAS_SC,BSH_SC,2026-01-02 03:45:02,"[347, 351, 352, 355, 357, 359, 360, 421, 425, 428, 432, 434, 457, 527, 579, 586, 587, 591, 594, 611, 773, 794, 798, 803, 804, 805]",1.401538462,10.0,Sort Centers,Sort Centers,1194.914,1,0,0,454.4700754
HAS_SC,TIF_SC,2026-01-02 05:22:33,"[348, 354, 358, 420, 429, 484, 499, 564, 603, 748, 752, 809]",1.306153848,8.0,Sort Centers,Sort Centers,946.2681,1,0,0,419.6742738
TUU_SC,MED_SC,2026-01-02 03:13:30,"[349, 430, 477, 592, 593]",0.387307691,5.9,Sort Centers,Sort Centers,690.4488,1,0,0,395.5682436
RUH_SC,AJF_DS,2026-01-02 10:51:29,"[35, 123, 135, 151, 378, 669]",4.3,8.6,Sort Centers,Stores,1005.4859,2,0,0,850.9552364
HAS_SC,BUR_SC,2026-01-02 05:22:33,"[356, 361, 508]",0.505,2.5,Sort Centers,Sort Centers,291.9108,1,0,0,353.1859092
JED_SC,ABT_DS,2026-01-02 06:15:31,"[36, 614]",2.043076923,3.3,Sort Centers,Stores,373.0171,1,0,0,363.4956758
HAS_SC,RUH_SC,2026-01-02 05:22:33,"[362, 371, 373, 384, 391, 414, 419, 445, 456, 505, 533, 560, 562, 750, 796]",4.881923077,8.3,Sort Centers,Sort Centers,650.3119,2,0,0,781.3411324
YNB_SC,MYL_SC,2026-01-02 03:42:55,"[363, 364, 370, 382, 386, 389, 559, 710]",2.202307693,7.5,Sort Centers,Sort Centers,887.7293,1,0,0,414.2749246
YNB_SC,MJM_SC,2026-01-02 03:42:55,"[365, 380, 395, 413, 496, 523]",0.883846154,7.4,Sort Centers,Sort Centers,874.5089,1,0,0,412.9836668
HAS_SC,HBT_SC,2026-01-02 05:02:10,"[366, 383, 426, 660, 799, 800]",2.328076922,5.7,Sort Centers,Sort Centers,674.8819,1,0,0,393.0784262
RUH_SC,RAE_DS,2026-01-02 09:01:50,"[37, 180, 296]",3.859230769,9.2,Sort Centers,Stores,1078.5334,2,0,0,865.2725464
TUU_SC,AJF_SC,2026-01-01 23:46:39,"[372, 417, 504, 561]",0.201538461,4.0,Sort Centers,Sort Centers,463.7484,1,0,0,372.2617268
YNB_SC,TIF_SC,2026-01-02 03:42:55,"[374, 377, 394, 398, 412, 503, 506]",0.68423077,4.1,Sort Centers,Sort Centers,482.7398,1,0,0,373.9122232
HAS_SC,MJM_SC,2026-01-02 05:22:33,"[376, 388, 423, 431, 509, 557, 576, 585, 663, 795, 811]",1.595384617,3.7,Sort Centers,Sort Centers,437.3073,1,0,0,369.7961154
WAE_SC,RUH_SC,2026-01-02 02:07:01,"[378, 632, 634, 650]",0.950000001,5.3,Sort Centers,Sort Centers,613.4288,1,0,0,387.1514842
JED_SC,AKJ_DS,2026-01-02 06:30:42,"[38, 50, 149, 207, 726]",2.393461538,8.7,Sort Centers,Stores,1029.9133,1,0,0,427.8715034
YNB_SC,JED_SC,2026-01-02 02:01:27,"[385, 390, 534, 535, 556]",1.818846153,3.0,Sort Centers,Sort Centers,338.333,1,0,0,360.33644
YNB_SC,JED_SC,2026-01-01 20:00:00,[387],0.414230769,3.0,Sort Centers,Sort Centers,338.333,1,0,0,360.33644
MYL_SC,QFD_DS,2026-01-02 12:43:59,"[39, 145, 234, 370, 559, 652]",0.557692309,1.7,Sort Centers,Stores,194.5722,1,0,0,346.0080756
HAS_SC,AJF_SC,2026-01-02 03:34:45,"[392, 525, 701, 749, 807]",0.550000001,3.4,Sort Centers,Sort Centers,400.2781,1,0,0,366.515095
YNB_HUB,MED_SC,2026-01-01 20:00:00,"[393, 396]",1.983076923,2.0,Distribution Centers,Sort Centers,228.478,1,0,0,349.330844
MED_SC,JED_SC,2026-01-02 04:39:57,"[396, 494, 531, 705, 801]",4.181923077,5.0,Sort Centers,Sort Centers,386.1501,2,0,0,730.3502624
TIF_SC,YNB_SC,2026-01-02 03:04:13,"[399, 409, 411, 418, 460, 471, 521, 524, 544, 575, 654]",0.932692308,4.1,Sort Centers,Sort Centers,479.3084,1,0,0,373.9122232
BUR_HUB,MJM_DS,2026-01-01 20:00:00,[4],0.197692308,1.4,Distribution Centers,Stores,154.8692,1,0,0,342.1171816
JED_SC,TIF_DS,2026-01-02 22:30:00,[40],1.691538462,2.3,Sort Centers,Stores,170.2581,1,0,0,343.6252938
WAE_HUB,WAE_SC,2026-01-01 20:00:00,"[186, 378, 404, 408]",1.131153846,0.0,Distribution Centers,Sort Centers,0,1,0,0,0
WAE_SC,TIF_SC,2026-01-02 02:53:07,"[404, 641, 645]",2.015,5.1,Sort Centers,Sort Centers,595.9277,1,0,0,385.2364172
WAE_SC,RUH_SC,2026-01-01 20:00:00,[408],0.743461538,5.3,Sort Centers,Sort Centers,613.4288,1,0,0,387.1514842
JED_HUB,BSH_SC,2026-01-01 20:00:00,"[41, 52]",2.059615385,4.2,Distribution Centers,Sort Centers,480.6887,1,0,0,374.0474926
TIF_SC,HAS_SC,2026-01-02 03:04:13,"[410, 462, 472, 522, 573, 700]",0.388076923,8.0,Sort Centers,Sort Centers,942.8508,1,0,0,419.6742738
DMM_HUB,BSH_SC,2026-01-01 20:00:00,"[42, 44, 45, 570]",2.031153846,9.5,Distribution Centers,Sort Centers,1121.9495,1,0,0,436.891051
HAS_SC,BUR_SC,2026-01-02 02:42:44,"[422, 583, 792]",0.631923077,2.5,Sort Centers,Sort Centers,291.9108,1,0,0,353.1859092
YNB_SC,YNB_DS,2026-01-03 03:00:24,[540],1.056538462,0.0,Sort Centers,Stores,0,1,0,0,0
BSH_SC,EAM_DS,2026-01-02 14:15:12,[424],0.019230769,6.0,Sort Centers,Stores,476.1903,1,0,0,373.6066494
HAS_SC,BSH_SC,2026-01-02 02:42:44,[424],0.019230769,10.0,Sort Centers,Sort Centers,1194.914,1,0,0,454.4700754
DMM_SC,QJB_DS,2026-01-02 02:58:05,"[43, 125, 490]",11.54961538,1.5,Sort Centers,Stores,105.8296,0,0,1,1486.503993
BSH_HUB,BSH_SC,2026-01-01 20:00:00,"[235, 238, 241, 243, 245, 249, 254, 272, 516, 517, 518, 519, 553, 574, 629, 631]",0.998076925,0.0,Distribution Centers,Sort Centers,0,1,0,0,0
QJB_HUB,RUH_SC,2026-01-01 20:00:00,"[436, 439, 440, 443, 446, 447, 451, 452, 453]",2.338461539,4.2,Distribution Centers,Sort Centers,475.7393,1,0,0,373.5624514
BUR_HUB,BUR_SC,2026-01-01 20:00:00,"[497, 498, 530]",0.961538461,0.0,Distribution Centers,Sort Centers,0,1,0,0,0
YNB_SC,YNB_DS,2026-01-02 10:02:17,"[46, 253, 306, 411, 418, 524, 610, 628, 724, 747, 770]",0.957307693,0.0,Sort Centers,Stores,0,1,0,0,0
HBT_SC,YNB_SC,2026-01-02 02:12:03,"[438, 569, 777]",0.418846155,9.4,Sort Centers,Sort Centers,1117.1033,1,0,0,436.4161234
MYL_HUB,MYL_SC,2026-01-01 20:00:00,"[39, 64, 79, 255, 277, 289, 306, 307, 313, 315, 316, 320, 334]",0.952692306,0.0,Distribution Centers,Sort Centers,0,1,0,0,0
BSH_SC,MYL_DS,2026-01-02 15:17:29,"[44, 272, 309, 351, 369, 432, 448, 558, 586, 653, 685, 785, 804]",1.014615385,2.4,Sort Centers,Stores,277.8568,1,0,0,354.1699664
RUH_SC,JED_SC,2026-01-02 02:09:07,"[443, 548, 648, 755]",1.217692308,12.2,Sort Centers,Sort Centers,954.3314,1,0,0,420.807438
DMM_SC,KMT_SC,2026-01-01 23:05:53,"[444, 571]",2.248461539,11.3,Sort Centers,Sort Centers,1339.0651,1,0,0,458.1683798
BSH_SC,ANS_DS,2026-01-02 11:54:30,"[45, 177, 238, 292, 711, 782]",0.451538462,1.5,Sort Centers,Stores,175.77,1,0,0,344.16546
WAE_SC,RUH_DS,2026-01-02 11:41:01,"[451, 607]",2.255,5.3,Sort Centers,Stores,613.4288,1,0,0,387.0560224
RUH_SC,TIF_SC,2026-01-02 02:09:07,[452],0.112307692,10.1,Sort Centers,Sort Centers,793.6305,1,0,0,404.715789
AKJ_SC,AKJ_DS,2026-01-02 04:43:09,"[281, 567]",0.889230769,0.0,Sort Centers,Stores,0,1,0,0,0
RUH_SC,TUU_SC,2026-01-02 02:09:07,[453],0.072692308,17.3,Sort Centers,Sort Centers,1364.4314,1,0,0,460.6542772
TIF_SC,RUH_SC,2026-01-02 02:22:42,"[458, 468, 520, 630, 697, 703]",1.787307692,6.8,Sort Centers,Sort Centers,794.7466,1,0,0,404.715789
DHB_HUB,YNB_SC,2026-01-01 20:00:00,"[46, 76, 503, 506, 507, 510, 511, 523, 534, 535, 556, 558, 559, 572]",0.534615384,4.0,Distribution Centers,Sort Centers,472.9067,1,0,0,373.2848566
TIF_SC,MYL_SC,2026-01-02 02:22:42,"[466, 664, 696, 706]",2.233846153,4.0,Sort Centers,Sort Centers,462.3235,1,0,0,372.3352268
TIF_SC,ABT_SC,2026-01-02 02:50:23,"[467, 541, 551, 671, 727]",0.996538461,2.0,Sort Centers,Sort Centers,220.8861,1,0,0,348.110744
TIF_SC,DWD_DS,2026-01-02 05:25:17,"[47, 210, 240, 692]",0.551923077,4.8,Sort Centers,Stores,567.6851,1,0,0,382.5731398
TIF_SC,RUH_SC,2026-01-01 20:00:00,[470],3.025384615,6.8,Sort Centers,Sort Centers,794.7466,2,0,0,809.431578
TUU_HUB,TUU_SC,2026-01-01 20:00:00,"[55, 251, 368, 372, 417]",0.812307691,0.0,Distribution Centers,Sort Centers,0,1,0,0,0
RUH_SC,MAK_SC,2026-01-01 20:00:00,"[474, 481, 486]",36.90769231,11.4,Sort Centers,Sort Centers,895.7633,0,0,2,3826.922364
MAK_SC,YNB_DS,2026-01-02 21:50:00,[474],8.340384615,3.5,Sort Centers,Stores,400.8863,4,0,0,1464.90743
RUH_SC,TUU_SC,2026-01-01 20:00:00,"[476, 492]",16.56115384,17.3,Sort Centers,Sort Centers,1364.4314,0,0,1,2163.128321
TUU_SC,URY_DS,2026-01-02 21:45:00,[476],3.188076923,4.4,Sort Centers,Stores,519.1628,2,0,0,755.6359088
RUH_SC,BSH_SC,2026-01-01 20:00:00,"[478, 480, 483, 489]",21.73307692,9.2,Sort Centers,Sort Centers,721.7845,1,0,1,2212.292489
RUH_SC,TIF_SC,2026-01-01 20:00:00,"[479, 491]",16.86461538,10.1,Sort Centers,Sort Centers,793.6305,0,0,1,1856.265757
BSH_SC,WAE_DS,2026-01-02 15:17:29,"[48, 52, 110, 217, 224, 241, 280, 338, 355, 375, 457, 539, 572, 591, 674, 790, 794, 812]",1.440000001,2.7,Sort Centers,Stores,312.5813,1,0,0,357.5729674
MAK_SC,DHB_DS,2026-01-02 21:50:00,[481],2.885769231,7.3,Sort Centers,Stores,857.3144,2,0,0,821.9136224
RUH_SC,DMM_SC,2026-01-01 20:00:00,"[482, 490]",56.96423077,5.5,Sort Centers,Sort Centers,417.4533,0,0,3,4958.841471
BSH_SC,EAM_DS,2026-01-02 06:42:35,[483],8.357307692,6.0,Sort Centers,Stores,476.1903,4,0,0,1494.426598
RUH_SC,HUF_SC,2026-01-01 20:00:00,[485],19.46076923,4.4,Sort Centers,Sort Centers,334.5859,0,0,1,1605.381922
RUH_SC,MYL_SC,2026-01-02 02:48:24,"[488, 513, 526, 550, 615, 644, 652, 679, 712]",4.442307693,8.4,Sort Centers,Sort Centers,988.6569,2,0,0,845.5559264
JED_SC,TIF_DS,2026-01-02 13:14:12,"[49, 590]",4.927692308,2.3,Sort Centers,Stores,170.2581,2,0,0,687.2505876
RUH_SC,JED_SC,2026-01-01 20:00:00,[493],78.14961538,12.2,Sort Centers,Sort Centers,954.3314,0,0,4,7778.159784
JED_SC,DMM_SC,2026-01-01 20:00:00,"[495, 657, 665]",17.27884615,17.2,Sort Centers,Sort Centers,1354.4986,0,0,1,2157.787265
DMM_SC,HUF_DS,2026-01-02 21:55:00,[495],4.480769231,1.4,Sort Centers,Stores,143.1528,2,0,0,681.9379488
BUR_SC,HBT_SC,2026-01-02 02:26:06,"[497, 498, 530, 546, 613, 707, 708]",1.951153845,3.4,Sort Centers,Sort Centers,392.4438,1,0,0,365.3994924
HBT_HUB,DMM_DS,2026-01-01 20:00:00,[5],0.438846154,4.3,Distribution Centers,Stores,492.5819,1,0,0,375.2130262
TUU_HUB,JED_SC,2026-01-01 20:00:00,"[50, 153, 264]",1.746153846,8.5,Distribution Centers,Sort Centers,998.8929,1,0,0,424.8315042
RUH_SC,TUU_SC,2026-01-02 02:48:24,[500],0.483461538,17.3,Sort Centers,Sort Centers,1364.4314,1,0,0,460.6542772
EAM_SC,EAM_DS,2026-01-02 18:16:00,"[342, 529, 545, 778]",0.608846154,0.0,Sort Centers,Stores,0,1,0,0,0
HAS_SC,TUU_SC,2026-01-02 06:31:03,"[501, 528, 537, 661, 774, 810]",1.995384616,5.7,Sort Centers,Sort Centers,673.4316,1,0,0,392.9362968
MED_SC,YNB_DS,2026-01-02 11:58:20,"[51, 102, 222, 283, 435, 477, 593, 673, 734]",1.77923077,2.1,Sort Centers,Stores,240.594,1,0,0,350.518212
BUR_HUB,MED_SC,2026-01-01 20:00:00,"[51, 60, 531]",4.055,6.7,Distribution Centers,Sort Centers,521.5958,2,0,0,756.1127768
RUH_SC,BSH_SC,2026-01-02 02:48:24,"[512, 532, 542, 636]",0.755384616,9.2,Sort Centers,Sort Centers,721.7845,1,0,0,397.2086656
RUH_SC,EAM_SC,2026-01-02 02:48:24,"[515, 783]",0.907307692,7.9,Sort Centers,Sort Centers,926.2981,1,0,0,417.4903634
JED_SC,YNB_DS,2026-01-02 15:51:07,"[53, 107, 367, 648, 755]",3.77923077,3.0,Sort Centers,Stores,340.78,2,0,0,720.67288
DMM_SC,RUH_SC,2026-01-01 20:00:00,[536],19.80423077,5.4,Sort Centers,Sort Centers,415.4337,0,0,1,1652.947157
HAS_SC,DMM_DS,2026-01-02 05:22:33,"[54, 62, 88, 227]",2.426153846,8.7,Sort Centers,Stores,1025.2483,1,0,0,427.4143334
DHB_HUB,HAS_SC,2026-01-01 20:00:00,"[54, 65, 505, 508, 509, 533, 557, 560, 562, 564]",0.623461539,7.4,Distribution Centers,Sort Centers,875.0978,1,0,0,412.6995844
HUF_HUB,HUF_SC,2026-01-01 20:00:00,"[680, 685]",0.528076923,0.0,Distribution Centers,Sort Centers,0,1,0,0,0
JED_SC,YNB_SC,2026-01-02 22:30:00,[540],1.056538462,3.0,Sort Centers,Sort Centers,340.78,1,0,0,360.33644
TUU_SC,DHB_DS,2026-01-02 18:04:48,"[55, 87, 219, 239, 528, 637, 774]",0.562307691,1.8,Sort Centers,Stores,201.4467,1,0,0,346.6817766
RUH_SC,DMM_SC,2026-01-02 07:38:21,"[552, 682, 719, 737, 742, 743]",2.375384614,5.5,Sort Centers,Sort Centers,417.4533,1,0,0,367.6525026
JED_SC,MED_SC,2026-01-02 22:30:00,[555],2.670384615,5.1,Sort Centers,Sort Centers,390.1544,2,0,0,730.3502624
BUR_HUB,RUH_SC,2026-01-01 20:00:00,"[56, 183, 263, 268, 500, 502, 512, 513, 514, 515, 526, 529, 532]",13.75076923,4.8,Distribution Centers,Sort Centers,367.8738,0,0,1,1627.378955
TUU_SC,TUU_DS,2026-01-02 21:34:14,[500],0.483461538,0.0,Sort Centers,Stores,0,1,0,0,0
HBT_SC,MJM_SC,2026-01-02 02:51:03,"[563, 678, 781]",1.031153846,2.6,Sort Centers,Sort Centers,307.909,1,0,0,357.115082
MYL_SC,ABT_DS,2026-01-01 23:57:26,"[57, 119, 255]",0.379615385,2.2,Sort Centers,Stores,247.1886,1,0,0,351.1644828
KMT_HUB,MYL_SC,2026-01-01 20:00:00,"[57, 61, 234, 670, 692, 716, 717, 721, 723, 724, 731]",1.797692308,1.0,Distribution Centers,Sort Centers,103.7242,1,0,0,337.1049716
BSH_SC,WAE_SC,2026-01-02 07:29:43,"[570, 607, 714]",2.026153845,2.7,Sort Centers,Sort Centers,312.5813,1,0,0,357.5729674
BSH_SC,DMM_SC,2026-01-01 20:00:00,[574],0.239615385,9.4,Sort Centers,Sort Centers,1113.6949,1,0,0,436.0821002
AJF_SC,RUH_SC,2026-01-01 20:00:00,"[577, 580, 582, 588, 589, 595]",1.710384615,8.6,Sort Centers,Sort Centers,1012.2434,1,0,0,426.1398532
HAS_SC,BSH_SC,2026-01-02 01:26:55,"[578, 797]",0.164230769,10.0,Sort Centers,Sort Centers,1194.914,1,0,0,454.4700754
KMT_HUB,RUH_SC,2026-01-01 20:00:00,"[58, 155, 267, 682, 719]",4.097692307,8.0,Distribution Centers,Sort Centers,937.9303,2,0,0,837.7143388
TUU_HUB,HAS_SC,2026-01-01 20:00:00,"[59, 62, 360, 361, 362, 366, 371, 373, 376]",4.797692308,5.8,Distribution Centers,Sort Centers,677.5587,2,0,0,786.6815052
EAM_HUB,EAM_SC,2026-01-01 20:00:00,"[148, 759]",0.428076923,0.0,Distribution Centers,Sort Centers,0,1,0,0,0
HBT_HUB,DWD_DS,2026-01-01 20:00:00,[6],0.137692308,4.4,Distribution Centers,Stores,519.244,1,0,0,377.825912
MYL_SC,ANS_DS,2026-01-02 12:43:59,"[61, 118, 121, 277, 526, 615, 712]",0.461923076,1.0,Sort Centers,Stores,108.5607,1,0,0,337.5789486
JED_SC,YNB_SC,2026-01-02 01:14:59,"[610, 656]",1.184615384,3.0,Sort Centers,Sort Centers,340.78,1,0,0,360.33644
AKJ_SC,JED_SC,2026-01-01 20:00:00,"[614, 639]",2.444615385,8.8,Sort Centers,Sort Centers,1031.0353,1,0,0,427.9814594
JED_SC,GIZ_DS,2026-01-02 13:14:12,"[63, 184, 343]",7.081153846,5.9,Sort Centers,Stores,690.7183,3,0,0,1183.89118
BSH_SC,BUR_SC,2026-01-01 20:00:00,[631],0.050769231,8.7,Sort Centers,Sort Centers,1034.5985,1,0,0,428.330653
RUH_SC,URY_SC,2026-01-02 01:06:55,[633],0.191153846,10.8,Sort Centers,Sort Centers,1276.1365,1,0,0,452.001377
RUH_SC,TUU_SC,2026-01-01 23:18:58,[637],0.175769231,17.3,Sort Centers,Sort Centers,1364.4314,1,0,0,460.6542772
MYL_SC,EAM_DS,2026-01-02 12:43:59,"[64, 96, 203, 363, 679]",0.528076923,3.0,Sort Centers,Stores,352.1229,1,0,0,361.4480442
RUH_SC,URY_SC,2026-01-02 05:53:14,"[647, 769, 772]",0.221923077,10.8,Sort Centers,Sort Centers,1276.1365,1,0,0,452.001377
DWD_SC,WAE_SC,2026-01-01 20:00:00,[655],0.025769231,6.0,Sort Centers,Sort Centers,705.9548,1,0,0,396.1235704
JED_SC,RUH_SC,2026-01-01 20:00:00,"[658, 667]",38.62423077,12.2,Sort Centers,Sort Centers,957.831,0,0,2,3889.079892
RUH_SC,DWD_DS,2026-01-02 22:05:00,[658],1.706153846,4.5,Sort Centers,Stores,343.8939,1,0,0,360.6416022
JED_SC,MED_SC,2026-01-02 01:11:24,[659],2.582692308,5.1,Sort Centers,Sort Centers,390.1544,2,0,0,730.3502624
BSH_SC,EAM_DS,2026-01-02 12:59:22,"[66, 243, 381, 510, 578, 797]",0.568076922,6.0,Sort Centers,Stores,476.1903,1,0,0,373.6066494
JED_HUB,HAS_SC,2026-01-01 20:00:00,"[660, 663]",2.246538461,7.0,Distribution Centers,Sort Centers,824.3211,1,0,0,407.7234678
JED_SC,MED_SC,2026-01-01 20:00:00,[662],8.156923077,5.1,Sort Centers,Sort Centers,390.1544,4,0,0,1460.700525
JED_HUB,TIF_SC,2026-01-01 20:00:00,"[664, 671]",1.897692307,1.6,Distribution Centers,Sort Centers,170.2581,1,0,0,343.6252938
DMM_SC,QJB_DS,2026-01-02 21:55:00,[665],2.218461538,1.5,Sort Centers,Stores,105.8296,1,0,0,337.3113008
RUH_SC,KMT_DS,2026-01-01 20:00:00,[67],20.89961538,11.9,Sort Centers,Stores,938.9,1,0,1,2353.31484
HBT_SC,BUR_SC,2026-01-02 02:51:03,"[676, 681, 780]",0.92076923,3.3,Sort Centers,Sort Centers,387.3715,1,0,0,365.3994924
TUU_SC,DHB_DS,2026-01-02 19:41:48,[677],0.081923077,1.8,Sort Centers,Stores,201.4467,1,0,0,346.6817766
BSH_SC,GIZ_DS,2026-01-02 15:17:29,"[68, 245, 304, 425, 441, 511, 579, 680, 779, 798]",1.837692308,3.7,Sort Centers,Stores,425.9133,1,0,0,368.6795034
HUF_SC,BSH_SC,2026-01-01 20:00:00,"[680, 685]",0.528076923,8.7,Sort Centers,Sort Centers,1033.4725,1,0,0,427.961095
QFD_SC,QFD_DS,2026-01-02 00:51:43,[89],0.253461538,0.0,Sort Centers,Stores,0,1,0,0,0
TUU_SC,URY_DS,2026-01-02 13:44:01,"[69, 251, 501, 661]",0.335,4.4,Sort Centers,Stores,519.1628,1,0,0,377.8179544
DHB_HUB,TUU_SC,2026-01-01 20:00:00,"[69, 70, 504, 561]",0.084615384,1.8,Distribution Centers,Sort Centers,200.8005,1,0,0,346.618449
MAK_SC,RUH_SC,2026-01-01 20:00:00,"[699, 730]",4.488846153,7.7,Sort Centers,Sort Centers,900.0208,2,0,0,830.2840768
URY_SC,URY_DS,2026-01-02 18:12:34,"[647, 769, 772]",0.221923077,0.0,Sort Centers,Stores,0,1,0,0,0
BUR_HUB,DWD_DS,2026-01-01 20:00:00,[7],0.456538462,2.3,Distribution Centers,Stores,257.6326,1,0,0,352.1879948
MAK_SC,JED_SC,2026-01-01 20:00:00,"[702, 726]",2.473461538,0.8,Sort Centers,Sort Centers,67.1221,1,0,0,333.4079314
ABT_HUB,ABT_SC,2026-01-01 20:00:00,"[206, 208, 604, 608]",0.211153847,0.0,Distribution Centers,Sort Centers,0,1,0,0,0
MED_SC,JED_SC,2026-01-02 00:01:44,[709],3.476153846,5.0,Sort Centers,Sort Centers,386.1501,2,0,0,730.3502624
MYL_HUB,KMT_SC,2026-01-01 20:00:00,"[71, 134, 282, 317]",0.859615385,1.1,Distribution Centers,Sort Centers,115.455,1,0,0,338.25459
JED_SC,DMM_SC,2026-01-01 23:35:09,[713],0.436153846,17.2,Sort Centers,Sort Centers,1354.4986,1,0,0,459.6806472
JED_SC,QFD_DS,2026-01-02 13:14:12,"[72, 191, 390, 433, 494]",2.387307693,3.2,Sort Centers,Stores,363.1068,1,0,0,362.5244664
TUU_SC,TUU_DS,2026-01-02 21:22:03,[788],0.181538462,0.0,Sort Centers,Stores,0,1,0,0,0
TIF_HUB,JED_SC,2026-01-01 20:00:00,"[73, 461, 469, 473]",2.299615385,1.6,Distribution Centers,Sort Centers,167.7972,1,0,0,343.3841256
QFD_SC,JED_SC,2026-01-02 00:51:43,"[738, 746]",1.78076923,3.2,Sort Centers,Sort Centers,362.8105,1,0,0,362.5244664
TIF_SC,MAK_DS,2026-01-02 14:51:56,"[74, 250, 348, 404, 429, 619, 691, 771]",1.66423077,1.1,Sort Centers,Stores,109.2292,1,0,0,337.6444616
TIF_SC,MED_DS,2026-01-02 09:27:20,"[75, 83, 170, 252, 604, 620, 641]",2.272307691,4.4,Sort Centers,Stores,508.6841,1,0,0,376.7910418
EAM_SC,GIZ_SC,2026-01-01 20:00:00,[759],0.16,2.5,Sort Centers,Sort Centers,291.7332,1,0,0,355.5298536
GIZ_SC,GIZ_DS,2026-01-02 00:02:07,[759],0.16,0.0,Sort Centers,Stores,0,1,0,0,0
HUF_SC,HUF_DS,2026-01-02 14:45:02,"[345, 547]",0.156153846,0.0,Sort Centers,Stores,0,1,0,0,0
YNB_SC,MED_DS,2026-01-02 10:02:17,"[76, 194, 307, 717, 740, 764]",1.53153846,2.0,Sort Centers,Stores,228.478,1,0,0,349.330844
URY_HUB,URY_SC,2026-01-01 20:00:00,"[247, 344, 353]",0.153846154,0.0,Distribution Centers,Sort Centers,0,1,0,0,0
JED_SC,KMT_DS,2026-01-02 13:14:12,"[77, 368, 535]",6.165,6.1,Sort Centers,Stores,704.7286,3,0,0,1188.010208
HBT_SC,BUR_SC,2026-01-01 20:00:00,[776],0.327307692,3.3,Sort Centers,Sort Centers,387.3715,1,0,0,365.3994924
ABT_SC,ABT_DS,2026-01-02 06:18:19,"[124, 136, 209, 541]",0.139230769,0.0,Sort Centers,Stores,0,1,0,0,0
JED_SC,MAK_DS,2026-01-02 05:17:59,"[78, 90, 196, 320, 387, 716]",8.465384616,1.0,Sort Centers,Stores,65.9993,4,0,0,1333.631726
HBT_SC,MED_SC,2026-01-01 20:00:00,[784],0.302692308,7.6,Sort Centers,Sort Centers,899.5583,1,0,0,415.0967134
RUH_SC,TUU_SC,2026-01-02 02:36:13,[788],0.181538462,17.3,Sort Centers,Sort Centers,1364.4314,1,0,0,460.6542772
DWD_SC,DWD_DS,2026-01-02 04:01:13,[185],0.112307692,0.0,Sort Centers,Stores,0,1,0,0,0
MYL_SC,GIZ_DS,2026-01-02 12:41:47,"[79, 202, 271, 364, 382, 706]",1.895769231,2.0,Sort Centers,Stores,222.9449,1,0,0,348.7886002
GIZ_HUB,EAM_DS,2026-01-01 20:00:00,[8],0.302692308,2.5,Distribution Centers,Stores,290.4647,1,0,0,355.4055406
BSH_SC,KMT_DS,2026-01-02 15:17:29,"[80, 164, 249, 314, 347, 428, 683, 803]",2.427692307,2.1,Sort Centers,Stores,236.9797,1,0,0,350.1640106
HAS_SC,RUH_SC,2026-01-01 20:00:00,[808],2.538846154,8.3,Sort Centers,Sort Centers,650.3119,2,0,0,781.3411324
RUH_SC,KMT_DS,2026-01-02 06:07:22,"[81, 187, 582]",1.349230768,11.9,Sort Centers,Stores,938.9,1,0,0,418.9522
MED_SC,HAS_DS,2026-01-02 22:06:24,[82],10.44730769,5.7,Sort Centers,Stores,443.5079,0,0,1,1668.039847
MYL_SC,KMT_DS,2026-01-02 12:41:47,"[84, 197, 386, 710]",1.558461539,1.1,Sort Centers,Stores,115.455,1,0,0,338.25459
QFD_HUB,MYL_SC,2026-01-01 20:00:00,"[84, 96, 114, 331]",0.291538462,1.7,Distribution Centers,Sort Centers,193.1699,1,0,0,345.8706502
TUU_SC,TUU_DS,2026-01-02 20:54:57,[453],0.072692308,0.0,Sort Centers,Stores,0,1,0,0,0
QFD_HUB,JED_SC,2026-01-01 20:00:00,"[85, 90, 107, 111, 138, 149, 285, 287, 298, 299, 325, 329, 337]",2.370384617,3.2,Distribution Centers,Sort Centers,362.8105,1,0,0,362.495429
RAE_SC,RAE_DS,2026-01-02 09:12:01,"[353, 450]",0.066153846,0.0,Sort Centers,Stores,0,1,0,0,0
RAE_HUB,RAE_SC,2026-01-01 20:00:00,"[94, 147]",0.058461539,0.0,Distribution Centers,Sort Centers,0,1,0,0,0
GIZ_HUB,RUH_SC,2026-01-01 20:00:00,"[86, 95, 135, 737, 741, 742, 743]",4.77653846,9.6,Distribution Centers,Sort Centers,1131.6897,2,0,0,875.6911812
RAE_HUB,TUU_SC,2026-01-01 20:00:00,"[87, 146, 427, 430, 433, 477]",0.254230769,5.2,Distribution Centers,Sort Centers,614.5004,1,0,0,387.1610392
RAE_HUB,HAS_SC,2026-01-01 20:00:00,"[88, 93, 419, 420, 421, 422, 423, 424, 425, 426, 428, 429, 431, 432, 434, 445, 456, 457, 484]",0.956153847,4.7,Distribution Centers,Sort Centers,555.4778,1,0,0,381.3768244
GIZ_HUB,QFD_SC,2026-01-01 20:00:00,"[89, 738, 746]",2.034230768,2.9,Distribution Centers,Sort Centers,330.9377,1,0,0,359.3718946
TUU_HUB,MED_DS,2026-01-01 20:00:00,[9],0.451538462,5.9,Distribution Centers,Stores,690.4488,1,0,0,394.6039824
GIZ_HUB,MYL_SC,2026-01-01 20:00:00,"[91, 118, 119, 739, 740, 744, 745, 747, 753]",2.495,2.0,Distribution Centers,Sort Centers,222.3549,1,0,0,348.7307802
GIZ_HUB,KMT_SC,2026-01-01 20:00:00,"[92, 100, 754]",1.08923077,1.8,Distribution Centers,Sort Centers,201.531,1,0,0,346.690038
DWD_HUB,DWD_SC,2026-01-01 20:00:00,[655],0.025769231,0.0,Distribution Centers,Sort Centers,0,1,0,0,0
RAE_SC,HBT_DS,2026-01-02 00:53:30,"[94, 213, 344]",0.122692308,4.9,Sort Centers,Stores,573.1374,1,0,0,383.1074652
RUH_SC,DWD_DS,2026-01-02 15:11:32,"[95, 137, 236, 362, 577, 634, 730, 796]",0.645,4.5,Sort Centers,Stores,343.8939,1,0,0,360.6416022
HUF_HUB,DMM_SC,2026-01-01 20:00:00,"[97, 125, 675, 683, 686]",2.496153845,1.4,Distribution Centers,Sort Centers,147.2546,1,0,0,341.3709508
HUF_HUB,RUH_SC,2026-01-01 20:00:00,"[98, 117, 677, 679, 689, 712]",4.636538463,2.9,Distribution Centers,Sort Centers,326.9567,2,0,0,717.9635132
GIZ_HUB,BSH_SC,2026-01-01 20:00:00,"[99, 735, 736, 751, 762]",0.710384615,3.7,Distribution Centers,Sort Centers,429.4095,1,0,0,369.022131